{
  "name": "Post",
  "plural": "posts",
  "base": "PersistedModel",
  "idInjection": true,
  "options": {
    "validateUpsert": true
  },
  "properties": {
    "title": {
      "type": "string",
      "required": true
    },
    "body": {
      "type": "string",
      "required": true
    },
    "createdAt": {
      "type": "date",
      "required": false
    },
    "updatedAt": {
      "type": "date",
      "required": false
    }
  },
  "validations": [],
  "acls": [],
  "methods": {},
  "mixins": {}
}
