[
    {
        "jpnumber": "212779453",
        "reservation_id": "2628906090",
        "ClarifiId": "332585",
        "transaction_date": "2019-04-01T07:18:16.000Z",
        "CheckInDate": "2019-04-07T18:30:00.000Z",
        "checkout": "2019-04-08T18:30:00.000Z",
        "nights": "1",
        "rooms": "1",
        "partnername": "Booking.Com",
        "hotelname": "Regal Enclave",
        "starrating": 3,
        "property type": null,
        "Chain Name": "",
        "City Name": "Mumbai",
        "Country": "India",
        "Booking Amount": "3080.6208",
        "BaseJPMilesCredited": "205",
        "BonusJPMilesCredited": "205",
        "Expected Date Of Credit": "2019-06-08",
        "Base JPMiles Declined": null,
        "Bonus JPMiles Declined": null,
        "Status": "Booked",
        "Reference Number": "8a4fd978a3798b92925f51f045317981",
        "Source": "Direct",
        "Medium": "NA",
        "Campaign": "NA"
    },
    {
        "jpnumber": "212779454",
        "reservation_id": "2628909988",
        "ClarifiId": "332585",
        "transaction_date": "2019-04-01T07:18:16.000Z",
        "CheckInDate": "2019-04-07T18:30:00.000Z",
        "checkout": "2019-04-08T18:30:00.000Z",
        "nights": "2",
        "rooms": "1",
        "partnername": "Booking.Com",
        "hotelname": "Regal Enclave",
        "star rating": 3,
        "property type": null,
        "Chain Name": "",
        "City Name": "New Yorke",
        "Country": "US",
        "Booking Amount": "3080.6208",
        "BaseJPMilesCredited": "205",
        "BonusJPMilesCredited": "205",
        "Expected Date Of Credit": "2019-06-08",
        "Base JPMiles Declined": null,
        "Bonus JPMiles Declined": null,
        "Status": "NonBooked",
        "Reference Number": "8a4fd978a3798b92925f51f045317981",
        "Source": "Direct",
        "Medium": "NA",
        "Campaign": "NA"
    },
    {
        "jpnumber": "212779455",
        "reservation_id": "2628904646",
        "ClarifiId": "332585",
        "transaction_date": "2019-04-01T07:18:16.000Z",
        "CheckInDate": "2019-04-07T18:30:00.000Z",
        "checkout": "2019-04-08T18:30:00.000Z",
        "nights": "2",
        "rooms": "1",
        "partnername": "Booking.Com",
        "hotelname": "Regal Enclave",
        "star rating": 3,
        "property type": null,
        "Chain Name": "",
        "City Name": "mumbai",
        "Country": "India",
        "Booking Amount": "3080.6208",
        "BaseJPMilesCredited": "205",
        "BonusJPMilesCredited": "205",
        "Expected Date Of Credit": "2019-06-08",
        "Base JPMiles Declined": null,
        "Bonus JPMiles Declined": null,
        "Status": "Booked",
        "Reference Number": "8a4fd978a3798b92925f51f045317981",
        "Source": "Direct",
        "Medium": "NA",
        "Campaign": "NA"
    },
    {
        "jpnumber": "212779456",
        "reservation_id": "2628909988",
        "ClarifiId": "332585",
        "transaction_date": "2019-04-01T07:18:16.000Z",
        "CheckInDate": "2019-04-07T18:30:00.000Z",
        "checkout": "2019-04-08T18:30:00.000Z",
        "nights": "1",
        "rooms": "1",
        "partnername": "Booking.Com",
        "hotelname": "Regal Enclave",
        "star rating": 3,
        "property type": null,
        "Chain Name": "",
        "City Name": "Newark",
        "Country": "US",
        "Booking Amount": "3080.6208",
        "BaseJPMilesCredited": "205",
        "BonusJPMilesCredited": "205",
        "Expected Date Of Credit": "2019-06-08",
        "Base JPMiles Declined": null,
        "Bonus JPMiles Declined": null,
        "Status": "NonBooked",
        "Reference Number": "8a4fd978a3798b92925f51f045317981",
        "Source": "Direct",
        "Medium": "NA",
        "Campaign": "NA"
    },
    {
        "jpnumber": "212779457",
        "reservation_id": "2628909988",
        "ClarifiId": "332585",
        "transaction_date": "2019-04-01T07:18:16.000Z",
        "CheckInDate": "2019-04-07T18:30:00.000Z",
        "checkout": "2019-04-08T18:30:00.000Z",
        "nights": "1",
        "rooms": "1",
        "partnername": "Booking.Com",
        "hotelname": "Regal Enclave",
        "star rating": 3,
        "property type": null,
        "Chain Name": "",
        "City Name": "Newark",
        "Country": "US",
        "Booking Amount": "3080.6208",
        "BaseJPMilesCredited": "205",
        "BonusJPMilesCredited": "205",
        "Expected Date Of Credit": "2019-06-08",
        "Base JPMiles Declined": null,
        "Bonus JPMiles Declined": null,
        "Status": "Cancelled",
        "Reference Number": "8a4fd978a3798b92925f51f045317981",
        "Source": "Direct",
        "Medium": "NA",
        "Campaign": "NA"
    },
    {
        "jpnumber": "212779458",
        "reservation_id": "2628909988",
        "ClarifiId": "332585",
        "transaction_date": "2019-04-01T07:18:16.000Z",
        "CheckInDate": "2019-04-07T18:30:00.000Z",
        "checkout": "2019-04-08T18:30:00.000Z",
        "nights": "1",
        "rooms": "1",
        "partnername": "Booking.Com",
        "hotelname": "Regal Enclave",
        "star rating": 3,
        "property type": null,
        "Chain Name": "",
        "City Name": "Newark",
        "Country": "US",
        "Booking Amount": "3080.6208",
        "BaseJPMilesCredited": "205",
        "BonusJPMilesCredited": "205",
        "Expected Date Of Credit": "2019-06-08",
        "Base JPMiles Declined": null,
        "Bonus JPMiles Declined": null,
        "Status": "Completed",
        "Reference Number": "8a4fd978a3798b92925f51f045317981",
        "Source": "Direct",
        "Medium": "NA",
        "Campaign": "NA"
    }
]